letter,frequency
DddAtox,644
aureus,536
DdCBE,532
editing,428
mtDNA,396
target,308
G1397,276
TALE,232
G1333,220
UGI,208
mitochondrial,188
anti,168
Extended,160
performed,160
ND6,144
expression,140
sequencing,136
ND4,136
Fisher,128
coli,124
biological,124
nuclear,124
Cas9,116
containing,112
replicates,112
independent,112
DddA,108
HEK293T,108
Left,104
000,104
sites,100
human,96
indicated,96
spacing,96
linker,96
Right,96
PCR,96
dilution,96
sequence,92
activity,92
shown,92
region,92
deaminase,88
strand,88
E1347A,88
total,88
plasmid,88
Scientific,88
manufacturer,88
free,84
14,84
15,84
terminus,84
aa,84
untreated,84
mutations,80
mouse,80
proteins,76
We,76
halves,76
Nature,76
TC,76
indels,76
Nat,76
incubated,76
dsDNA,72
DdCBEs,72
these,72
sequences,72
cenocepacia,72
two,72
edited,72
C7,72
purified,72
within,68
binding,68
DddIA,68
frequency,68
N1357,68
G1322,68
A1343,68
N1387,68
G1371,68
position,68
16,68
stranded,64
double,64
see,64
ref,64
mean,64
MT,64
days,64
then,64
	,64
Tris,64
500,64
gene,60
deaminases,60
single,60
use,60
deamination,60
12,60
control,60
lect,60
fusions,60
complex,60
information,60
experiments,60
pH,60
analysis,60
cytidine,56
CRISPR,56
25,56
mitochondria,56
MTS,56
substrate,56
against,56
bars,56
SNPs,56
half,56
treated,56
reads,56
followed,56
collected,56
values,56
per,56
western,56
Kit,56
MM,56
toxin,52
system,52
targeted,52
cytosine,52
These,52
To,52
no,52
strains,52
error,52
efficiencies,52
following,52
C6,52
post,52
transfection,52
average,52
amplified,52
High,52
according,52
cycles,52
ns,52
bacterial,48
described,48
non,48
domain,48
levels,48
SaKKH,48
edit,48
orientation,48
frequencies,48
18,48
C13,48
iciencies,48
ND5.1,48
1.5,48
ND5,48
lysates,48
dead,48
37,48
NaCl,48
blotting,48
rabbit,48
Sigma,48
Abcam,48
protocol,48
validated,48
conversions,44
results,44
specific,44
fused,44
ing,44
13,44
substrates,44
17,44
Methods,44
structure,44
measured,44
vitro,44
induced,44
Values,44
0.05,44
given,44
C11,44
eff,44
generated,44
genomic,44
HCl,44
washed,44
samples,44
uracil,40
both,40
nature,40
observed,40
culture,40
udg,40
300,40
cytosines,40
test,40
dSpCas9,40
reference,40
mitoTALE,40
ATP8,40
200,40
plasmids,40
reaction,40
cultures,40
7.5,40
gel,40
volume,40
11,36
previously,36
their,36
associated,36
product,36
model,36
resulting,36
mammalian,36
contain,36
Institute,36
strain,36
further,36
site,36
preference,36
dependent,36
relative,36
Discussion,36
variants,36
24,36
D10A,36
protospacer,36
blue,36
CCR5,36
U2OS,36
HA,36
optimized,36
C4,36
C10,36
IV,36
Complex,36
Genomic,36
addition,36
SNVs,36
2018,36
2019,36
sample,36
primers,36
After,36
assay,36
BioRad,36
throughput,36
98,36
inactive,32
editors,32
mutation,32
program,32
nucleotide,32
University,32
dddA,32
ssDNA,32
identified,32
based,32
terminal,32
FAM,32
23,32
purple,32
assays,32
representative,32
three,32
more,32
orientations,32
bpNLS,32
44,32
regions,32
bind,32
arrays,32
Mitochondrial,32
tagged,32
HeLa,32
after,32
up,32
0.1%,32
genes,32
primary,32
wide,32
transfected,32
line,32
over,32
lines,32
greater,32
provided,32
diluted,32
temperature,32
Western,32
lysate,32
final,32
DTT,32
Blocking,32
LI,32
COR,32
room,32
actin,32
PBS,32
eluted,32
listed,32
monomer,32
reverse,32
72,32
Dox,32
predicted,28
have,28
has,28
guide,28
bound,28
transcription,28
copies,28
treatment,28
range,28
mutant,28
applied,28
systems,28
negative,28
∆,28
amino,28
determined,28
viability,28
2.5,28
con,28
active,28
they,28
detected,28
1.0,28
increased,28
level,28
without,28
fusion,28
32,28
Untreated,28
indel,28
Flag,28
0.2,28
BE4max,28
pairs,28
right,28
standard,28
ND1,28
150,28
Editing,28
mRNA,28
end,28
deletions,28
supported,28
research,28
Research,28
code,28
Liu,28
Res,28
Genome,28
cultured,28
obtained,28
Green,28
extension,28
amplification,28
membrane,28
rat,28
before,28
reactions,28
extraction,28
ATCC,28
Gibco,28
48,28
Lonza,28
2020,24
26,24
interbacterial,24
array,24
derived,24
such,24
contains,24
breaks,24
genomes,24
through,24
may,24
Washington,24
bacteria,24
co,24
expressed,24
toxicity,24
identification,24
Å,24
but,24
homology,24
possible,24
NC,24
APOBEC3A,24
enzyme,24
cid,24
54,24
NS,24
expressing,24
colonies,24
approximately,24
only,24
different,24
sequenced,24
present,24
AG,24
EMX1,24
positions,24
tested,24
efficiency,24
Nuclear,24
28,24
repeats,24
BE2max,24
Target,24
Images,24
left,24
images,24
denoted,24
C8,24
ND5.2,24
C12,24
FCCP,24
density,24
tion,24
effect,24
replication,24
polymerase,24
pair,24
fibroblasts,24
noted,24
availability,24
available,24
point,24
2016,24
Nucleic,24
Biotechnol,24
45,24
size,24
grown,24
medium,24
LBA,24
description,24
New,24
England,24
Biolabs,24
cloned,24
onto,24
primer,24
ratio,24
incubation,24
initial,24
combined,24
supplemented,24
blot,24
VSV,24
added,24
concentration,24
Samples,24
Buffer,24
goat,24
926,24
800CW,24
isolation,24
Blotting,24
Grade,24
Blocker,24
column,24
POLGdn,24
fragment,24
Human,24
input,24
amplicon,24
about,24
points,24
Bacterial,20
biochemical,20
Base,20
toxic,20
resulted,20
specificity,20
disease,20
enable,20
cleavage,20
nucleases,20
Each,20
zinc,20
finger,20
pathogenic,20
Harvard,20
MA,20
Medical,20
Medicine,20
suggest,20
T6SS,20
nucleotides,20
whether,20
five,20
1d,20
contexts,20
catalytically,20
detect,20
should,20
nM,20
Time,20
donor,20
recipient,20
low,20
signif,20
icant,20
Student,20
tailed,20
UDG,20
repair,20
context,20
assembly,20
either,20
top,20
edits,20
GG,20
respectively,20
splits,20
4a,20
C9,20
less,20
architecture,20
0.0,20
term,20
Dead,20
make,20
during,20
red,20
parameters,20
antibodies,20
nm,20
seq,20
indicate,20
33,20
function,20
any,20
5%,20
methods,20
reporting,20
Sci,20
2017,20
multiple,20
Acids,20
39,20
under,20
LB,20
list,20
solution,20
MgCl2,20
National,20
isolated,20
RNAP,20
ice,20
1x,20
000g,20
loaded,20
electrophoresis,20
times,20
TBST,20
Membranes,20
calculated,20
imidazole,20
agarose,20
urea,20
denaturing,20
analysed,20
kit,20
Agilent,20
MiSeq,20
calling,20
DMEM,20
2000,20
brief,20
SYBR,20
Assay,20
library,20
Analysis,20
software,20
Seahorse,20
section,20
MTND6P4,20
MTND5P11,20
confidence,20
mer,20
CT,20
GA,20
5000,20
https,16
however,16
As,16
manipulation,16
cytidines,16
until,16
programmable,16
like,16
needed,16
tools,16
RNAs,16
heteroplasmic,16
wild,16
precision,16
our,16
testing,16
tions,16
Healthcare,16
Cambridge,16
Hughes,16
School,16
Seattle,16
WA,16
Moraes,16
VI,16
secretion,16
Burkholderia,16
growth,16
establish,16
first,16
if,16
contrast,16
reduced,16
1427,16
details,16
findings,16
revealed,16
strands,16
whereas,16
four,16
indicating,16
collectively,16
A3G,16
TadA,16
dddI,16
APOBEC3G,16
alignment,16
36,16
labelled,16
AC,16
products,16
unpaired,16
strong,16
repeat,16
reconstitute,16
seven,16
last,16
variant,16
order,16
alleles,16
among,16
sgRNA,16
Aureus,16
Indels,16
PAM,16
localized,16
conversion,16
lengths,16
yielded,16
highest,16
mediate,16
TCs,16
result,16
localization,16
35,16
No,16
95,16
38,16
0.11,16
copy,16
editor,16
mediated,16
96,16
selective,16
NDUFA9,16
SDHB,16
UQCRC2,16
ATP5A,16
250,16
Oligomycin,16
Piericidin,16
corresponding,16
encoding,16
PAGE,16
ATAC,16
coverage,16
percentage,16
controls,16
Sequence,16
higher,16
above,16
dividing,16
also,16
similar,16
must,16
additional,16
selection,16
Genet,16
Rev,16
2015,16
19,16
2013,16
linear,16
fragments,16
Commun,16
2010,16
22,16
Science,16
31,16
statistical,16
except,16
IPTG,16
BL21,16
H111,16
Phusion,16
NEB,16
Mix,16
IDT,16
studies,16
relevant,16
codon,16
Hot,16
Start,16
constructed,16
competition,16
overnight,16
OD600,16
determine,16
appropriate,16
Bis,16
collection,16
remaining,16
deposited,16
SNP,16
conjugated,16
secondary,16
Biosystems,16
cold,16
Aldrich,16
pre,16
Gel,16
blocking,16
Tween,16
plates,16
quantification,16
interest,16
chromatography,16
beads,16
step,16
evaluated,16
quality,16
Qubit,16
Sequencing,16
10%,16
fetal,16
bovine,16
serum,16
seeded,16
coated,16
nucleofected,16
MinElute,16
Sanger,16
forward,16
PCR1,16
amplicons,16
“,16
”,16
excluded,16
normalized,16
kb,16
taken,16
MTND4P12,16
Forward,16
Reporting,16
Acta,16
Crystallogr,16
materials,16
designed,16
experimental,16
plots,16
pseudogene,16
Policy,16
your,16
sciences,16
1000,16
doi,12
org,12
10.1038,12
s41586,12
020,12
2477,12
✉,12
toxins,12
represent,12
diversity,12
applications,12
group,12
superfamily,12
Because,12
nucleic,12
example,12
thus,12
delivery,12
engineered,12
Fusions,12
effector,12
glycosylase,12
inhibitor,12
catalyse,12
purity,12
rates,12
precise,12
rather,12
potential,12
diseases,12
many,12
mixture,12
approaches,12
signal,12
candidate,12
therapeutic,12
knowledge,12
reported,12
correct,12
could,12
directly,12
Although,12
functional,12
various,12
some,12
Technologies,12
edu,12
mediates,12
Given,12
referred,12
immunity,12
dddIA,12
marked,12
defect,12
1b,12
residue,12
1c,12
By,12
1264,12
crystal,12
resolution,12
central,12
APOBEC,12
enzymes,12
intervening,12
formation,12
therefore,12
‘,12
If,12
mutagenic,12
ACTCGCCA,12
81,12
A3A,12
Cdd,12
full,12
length,12
cfu,12
nt,12
Mutation,12
rifampicin,12
resistant,12
exposed,12
excision,12
Indeed,12
transitions,12
2d,12
deaminates,12
deaminate,12
guided,12
nuclease,12
orthogonal,12
Staphylococcus,12
bottom,12
enhance,12
27,12
Among,12
protospacers,12
absence,12
reassembly,12
SpCas9,12
Total,12
CA,12
22%,12
bases,12
20%,12
fusing,12
flanking,12
Compared,12
linked,12
MitoTracker,12
AT,12
C5,12
T7,12
imaging,12
does,12
bracket,12
increase,12
3a,12
mito,12
3c,12
represents,12
uses,12
least,12
4d,12
II,12
ND2,12
2.0,12
,12
Test,12
windows,12
nucleofection,12
OCR,12
Blue,12
absorbance,12
450,12
Average,12
logos,12
platform,12
positioned,12
blocked,12
gamma,12
even,12
8a,12
background,12
5b,12
correlation,12
domains,12
distinct,12
biology,12
engineering,12
tox,12
references,12
source,12
review,12
author,12
34,12
2012,12
Bacman,12
Med,12
2014,12
Komor,12
55,12
targeting,12
142,12
21,12
Rees,12
conditions,12
rhamnose,12
construction,12
formed,12
Gibson,12
Master,12
pSCRhaB2,12
construct,12
pETDuet,12
Plasmid,12
Polymerase,12
Fidelity,12
Enzyme,12
quantify,12
0.6,12
plated,12
determination,12
·,12
mg,12
crystallization,12
crystals,12
15%,12
coefficient,12
minimization,12
recovery,12
plus,12
selected,12
round,12
subjected,12
horseradish,12
peroxidase,12
sheep,12
Substrate,12
Azure,12
below,12
lysed,12
Lysates,12
supernatant,12
loading,12
Plus,12
Bio,12
Rad,12
SDS,12
0.5%,12
filtered,12
680RD,12
donkey,12
System,12
pelleted,12
centrifugation,12
NativePAGE,12
twice,12
MTCO2,12
lysis,12
Ni,12
NTA,12
wash,12
elution,12
concentrations,12
fluorescence,12
Deamination,12
combinations,12
cDNA,12
quantified,12
Library,12
paired,12
mapping,12
Pileup,12
alignments,12
SAMtools,12
Rex,12
293,12
GlutaMax,12
GM04541,12
Coriell,12
Corning,12
105,12
gRNA,12
tissue,12
ThermoFisher,12
transcribed,12
day,12
heating,12
62,12
Quantitative,12
demultiplexed,12
around,12
aligned,12
See,12
012920,12
plate,12
measurement,12
Nextseq,12
analyses,12
NCBI,12
value,12
exact,12
called,12
independently,12
replicate,12
Only,12
made,12
SIFT,12
Further,12
design,12
web,12
read,12
missense,12
work,12
NIH,12
Foundation,12
GUUG,12
GUCG,12
Primer,12
ied,12
ef,12
coding,12
uninduced,12
Antimycin,12
statement,12
tests,12
intervals,12
Antibodies,12
FLAG,12
xx,8
Beverly,8
Marcos,8
de,8
Vamsi,8
David,8
include,8
found,8
application,8
operate,8
far,8
hindered,8
limited,8
destruction,8
Here,8
describe,8
name,8
together,8
adjacently,8
activator,8
changes,8
respiration,8
oxidative,8
phosphorylation,8
elimination,8
implications,8
disorders,8
introducing,8
modifications,8
potentially,8
development,8
including,8
required,8
Current,8
mable,8
TALENs,8
rapidly,8
modelling,8
cannot,8
because,8
An,8
alternative,8
capability,8
best,8
ability,8
install,8
caused,8
facilitate,8
adenosine,8
possibility,8
unique,8
activities,8
new,8
Transformative,8
Broad,8
MIT,8
Biology,8
Microbiology,8
Biochemistry,8
Molecular,8
Boston,8
Poland,8
authors,8
them,8
intercellular,8
antagonism,8
antibacterial,8
divergence,8
define,8
focused,8
henceforth,8
1a,8
lacking,8
exhibited,8
lacked,8
icmF1,8
substitution,8
catalytic,8
nucleobases,8
lack,8
characterized,8
Escherichia,8
act,8
tRNA,8
markedly,8
acids,8
suggested,8
deter,8
mined,8
typical,8
sheet,8
residues,8
tains,8
extended,8
loop,8
immediately,8
taining,8
1f,8
included,8
Consistent,8
previous,8
converted,8
1e,8
preferentially,8
specifically,8
Parental,8
PAAR,8
RHS,8
Tox,8
120,8
360,8
480,8
alanine,8
Viability,8
colony,8
forming,8
units,8
Crystal,8
white,8
GC,8
Cytidine,8
mobility,8
Gels,8
logo,8
mutated,8
ive,8
isolates,8
sub,8
lethal,8
effects,8
rate,8
profile,8
underwent,8
regimen,8
presence,8
measurements,8
2a,8
1i,8
loops,8
direct,8
targets,8
requiring,8
intact,8
avoid,8
splitting,8
minus,8
would,8
assembled,8
FokI,8
monomers,8
directed,8
assayed,8
2b,8
likely,8
fraction,8
Notably,8
U6,8
SV40,8
NLS,8
Architectures,8
Two,8
adjacent,8
motif,8
maps,8
Results,8
Colours,8
most,8
3b,8
modest,8
appending,8
27%,8
lower,8
reduces,8
NADH,8
Edited,8
SOD2,8
COX8A,8
C11T,8
C13C,8
Wild,8
N0,8
Mutant,8
T6,8
0.20,8
Top,8
Bottom,8
Fluorescence,8
rAPOBEC1,8
match,8
genome9,8
Outcomes,8
middle,8
5a,8
compared,8
mitochon,8
microscopy,8
throughout,8
proximity,8
loss,8
produce,8
despite,8
4b,8
purities,8
sion,8
Instead,8
degraded,8
maintenance,8
III,8
ND5.3,8
antimycin,8
0.030,8
0.026,8
untransformed,8
Oxygen,8
consumption,8
native,8
subunits,8
optical,8
550,8
0.01,8
4000,8
Nucleotide,8
8000,8
0.10,8
0.15,8
endogenous,8
six,8
effi,8
ciencies,8
depending,8
posi,8
2.1,8
Collectively,8
efficient,8
Tables,8
principles,8
confirmed,8
large,8
numbers,8
dominant,8
speculate,8
m.11922,8
had,8
consistent,8
homeostasis,8
arising,8
Off,8
heteroplasmy,8
spontaneous,8
MTND5P2,8
0.030%,8
those,8
MTND5P1,8
1.6,8
permissive,8
observe,8
pseudogenes,8
NTDs,8
ity,8
exhibit,8
influence,8
close,8
SNV,8
5c,8
arise,8
transiently,8
reassemble,8
ranging,8
50%,8
chondrial,8
expand,8
Additional,8
will,8
types,8
models,8
beyond,8
components,8
sum,8
peer,8
interests,8
Trends,8
43,8
Gammage,8
Minczuk,8
Mootha,8
Gopal,8
metabolism,8
Proc,8
Natl,8
Acad,8
1113,8
Rebar,8
Mol,8
Programmable,8
471,8
Zhang,8
eukaryotic,8
2011,8
eLife,8
Biol,8
Urnov,8
applicable,8
technology,8
49,8
modification,8
162,8
576,8
Targeted,8
yields,8
Adv,8
1997,8
Improving,8
adenine,8
optimization,8
Replication,8
255,8
169,8
Springer,8
published,8
Author,8
assessment,8
agar,8
1.5%,8
When,8
gentamycin,8
0.05%,8
DH5,8
XK1502,8
isolate,8
detailed,8
techniques,8
restriction,8
Promega,8
Primers,8
synthesized,8
constructs,8
synthesis,8
frame,8
SceI,8
I35,8
icmF2,8
intoxication,8
insertion,8
Tn7,8
Q5,8
chain,8
instructions,8
evaluate,8
fitness,8
Donor,8
mixed,8
resuspended,8
fresh,8
reached,8
exponential,8
phase,8
selenomethionine,8
TCEP,8
25%,8
6.5,8
400,8
dimers,8
unit,8
glycerol,8
anomalous,8
peak,8
processed,8
atom,8
searching,8
phenix,8
estimated,8
Bayes,8
70%,8
out,8
calculation,8
Coordinates,8
factors,8
PDB,8
6U08,8
generation,8
cul,8
being,8
inoculate,8
subsequent,8
blots,8
imaged,8
C600,8
Mini,8
cleared,8
Next,8
Then,8
Bolt,8
12%,8
separated,8
MES,8
Trans,8
PVDF,8
Odyssey,8
MA1,8
26183,8
CST,8
4970,8
TBS,8
68076,8
32210,8
32213,8
Mitochondria,8
7.4,8
homogenization,8
digitonin,8
Sample,8
Cathode,8
transfer,8
8%,8
14713,8
103616,8
14748,8
110258,8
14714,8
GE,8
files,8
Fiji,8
image,8
same,8
Obtained,8
pixels,8
black,8
band,8
calculate,8
Purification,8
Overnight,8
dddAtox,8
incubator,8
pellets,8
gravity,8
flow,8
Pro,8
exclusion,8
case,8
remove,8
stained,8
stored,8
purchased,8
visualization,8
1X,8
acrylamide,8
Poisoned,8
oligonucleotide,8
ddGTP,8
DNeasy,8
Blood,8
Tissue,8
libraries,8
CO2,8
CRL,8
3216,8
HTB,8
CCL,8
glucose,8
Biological,8
Primary,8
sodium,8
pyruvate,8
authenticated,8
respective,8
mycoplasma,8
lipofection,8
375,8
125,8
Lipofectamine,8
exceed,8
Nucleocuvette,8
strip,8
4D,8
Nucleofector,8
manu,8
facturer,8
Luminescence,8
flat,8
microplates,8
Medium,8
removed,8
once,8
freshly,8
instruc,8
extracted,8
QIAquick,8
Extraction,8
adapters,8
reach,8
PCR2,8
HS,8
Reporter,8
window,8
set,8
offset,8
output,8
file,8
txt,8
imported,8
Microsoft,8
Excel,8
quantitative,8
green,8
6i,8
template,8
where,8
iQ,8
Supermix,8
abundance,8
B2M,8
Strand,8
XF,8
stress,8
colorimetric,8
Activity,8
0.25,8
OD,8
oxidation,8
Long,8
run,8
Biolegend,8
tag,8
transposase,8
500g,8
pared,8
1.25,8
partially,8
chromosome,8
greatest,8
BWA,8
Duplicates,8
Picard,8
v.2,8
v.1,8
VarScan2,8
Variants,8
Phred,8
score,8
account,8
particular,8
condition,8
triplicates,8
prediction,8
predict,8
nonsynonymous,8
calls,8
summary,8
Summary,8
paper,8
accession,8
Read,8
Archive,8
PRJNA603010,8
compatible,8
Protoc,8
2006,8
Wilson,8
Doman,8
macromolecular,8
66,8
47,8
accurate,8
Miller,8
CRISPResso2,8
provides,8
Ludwig,8
detection,8
technical,8
US,8
grant,8
Cystic,8
Fibrosis,8
fellowship,8
consultant,8
TGAGCGGT,8
repeated,8
1x106,8
2x106,8
3x106,8
4x106,8
5x106,8
AA,8
Percent,8
2x,8
TA,8
ight,8
dashed,8
generate,8
uncropped,8
doxycycline,8
0.00,8
legend,8
AND,8
estimates,8
sizes,8
',8
analyzed,8
manuscripts,8
you,8
sure,8
sections,8
Life,8
Not,8
Involved,8
Eukaryotic,8
Rabbit,8
antibody,8
heart,8
HepG2,8
misidentified,8
enables,4
Received,4
January,4
Accepted,4
May,4
Published,4
online,4
xxxx,4
Check,4
updates,4
Mok1,4
Moraes4,4
Jun,4
Zeng4,4
Dustin,4
Bosch4,4
Anna,4
Kotrys8,4
Aditya,4
Raguram1,4
FoSheng,4
Hsu4,4
Matthew,4
Radey4,4
Brook,4
Peterson4,4
Mootha8,4
Joseph,4
Mougous4,4
Liu1,4
vast,4
reservoir,4
repurposed,4
biomedical,4
Such,4
members,4
techniques1,4
acids3,4
requires,4
unwinding,4
challenges,4
mitochondria4,4
consequence,4
date,4
designer,4
nucleases9,4
catalyses,4
brought,4
broad,4
Inherited,4
acquired,4
diseases5,4
Tools,4
urgently,4
treat,4
challenge,4
transporting,4
proteins4,4
circular,4
exist,4
alleles7,4
manipulate,4
rely,4
nucleases10,4
induce,4
Linearized,4
degraded11,4
shifts,4
favour,4
uncut,4
tool,4
approach,4
introduce,4
homoplasmic,4
destroying,4
presumed,4
harmful7,4
precisely,4
accelerate,4
preclinical,4
drug,4
muta,4
important,4
enabling,4
nucleus1,4
remain,4
largely,4
unexplored,4
uncharacterized,4
deaminases15,4
rais,4
possess,4
capabilities,4
1Merkin,4
2Department,4
Chemistry,4
Chemical,4
3Howard,4
4Department,4
5Department,4
Pathology,4
6Department,4
7Howard,4
8Howard,4
Department,4
Massachusetts,4
General,4
Hospital,4
9Broad,4
10Institute,4
Biophysics,4
Polish,4
Academy,4
Sciences,4
Warsaw,4
11These,4
contributed,4
equally,4
Mok,4
mail,4
mougous,4
uw,4
drliu,4
fas,4
harvard,4
Some,4
Gram,4
transferring,4
contacting,4
cells16,4
char,4
acterized,4
sought,4
belonging,4
SCP1.201,4
family15,4
encoded,4
downstream,4
cultivated,4
dddAE1347A,4
delivered,4
Members,4
known,4
nucleosides,4
derivatives15,4
belongs,4
clade,4
member15,4
unaffected,4
production,4
confers,4
undescribed,4
clarify,4
mechanism,4
adopts,4
consisting,4
tressing,4
helices,4
contribute,4
occludes,4
Structure,4
searches,4
closest,4
structural,4
relatives,4
antiparallel,4
parallel,4
helix,4
So,4
predominantly,4
often,4
C3,4
Whereas,4
readily,4
related,4
studies18,4
display,4
measurable,4
Unexpectedly,4
efficiently,4
1g,4
showed,4
operates,4
named,4
converts,4
manner,4
ic,4
F1,4
ddd,4
AE1347A,4
Position,4
modi,4
‰,4
ed,4
140,4
469,4
1008,4
E1347,4
Zn2,4
H1345,4
240,4
Domains,4
proline,4
arginine,4
rearrangement,4
hotspot,4
Competitiveness,4
towards,4
populations,4
arrow,4
complexed,4
grey,4
Structural,4
absent,4
orange,4
carboxyf,4
luorescein,4
leads,4
pBAD24,4
complementation,4
eight,4
Probability,4
lanking,4
serially,4
0.0001,4
initiates,4
removal19,4
substantially,4
enhanced,4
1h,4
next,4
lineages,4
experienced,4
serial,4
exposure,4
clonal,4
bottlenecking,4
simi,4
lar,4
polymorphisms,4
997,4
producing,4
99%,4
flank,4
matching,4
Together,4
reveal,4
Splitting,4
created,4
proteins1,4
raises,4
arrays20,4
arrays21,4
expected,4
proposed,4
ter,4
analogous,4
nucleases20,4
TALENs21,4
On,4
basis,4
naming,4
reflect,4
Screening,4
lengths22,4
dSpCas923,4
contained,4
motifs,4
nickase25to,4
nick,4
promote,4
resynthesis,4
template13,4
report,4
desired,4
enrichment,4
strictly,4
specified,4
Nick,4
NGG,4
NNNRRT,4
Split,4
SaCas9,4
Non,4
peptide,4
bond,4
creating,4
homodimers,4
Heat,4
showing,4
pink,4
48%,4
highly,4
TC14,4
14th,4
41%,4
produces,4
Spacing,4
determinants,4
speculated,4
neigh,4
bouring,4
might,4
bipartite,4
simple,4
2.3,4
0.31%,4
Fusing,4
3.5%,4
3.3,4
1.3%,4
demonstrate,4
enhances,4
byproducts14,4
apply,4
ND69,4
encodes,4
dehydroge,4
nase,4
subunit,4
4.9,4
0.17%,4
comprised,4
Merge,4
Unedited,4
85,4
T5,4
T11,4
T13,4
0.90,4
0.45,4
0.18,4
7.2,4
5.4,4
0.35,4
2.8,4
0.017,4
2.7,4
0.83,4
magenta,4
Scale,4
Frequencies,4
boxed,4
Appending,4
tenfold,4
structs,4
16%,4
Adding,4
second,4
probably,4
inhibits,4
drial,4
UNG1,4
impeding,4
excision29,4
Removing,4
replacing,4
abrogate,4
demonstrating,4
remained,4
diffused,4
cytoplasm,4
explain,4
dependence,4
impede,4
import,4
hereafter,4
agent,4
capable,4
performing,4
contrasts,4
shifts8,4
inter,4
uracils,4
opposing,4
causing,4
unwanted,4
BE4max30,4
nucleus,4
1.8,4
0.67%,4
very,4
99.5%,4
exceeding,4
0.78%,4
0.52%,4
3d,4
processes,4
lead,4
byproducts,4
DNA19,4
inefficient,4
Discus,4
3e,4
allele,4
lesion,4
repaired11,4
cleanly,4
Rep1,4
Rep2,4
Rep3,4
COXII,4
0.0084,4
0.89,4
0.024,4
approximate,4
ibroblasts,4
respiratory,4
carbonyl,4
cyanide,4
trif,4
luoromethoxy,4
phenylhydrazone,4
visualized,4
complexes,4
mOD,4
Collect,4
3days,4
12000,4
16569,4
900,4
vertical,4
Bits,4
conservation,4
mitigate,4
dria,4
achieve,4
explore,4
generality,4
adapted,4
Three,4
varied,4
4.6%,4
49%,4
regardless,4
tar,4
get,4
42%,4
9.0%,4
modestly,4
43%,4
7.4%,4
outside,4
Within,4
preferen,4
tially,4
upstream,4
tioned,4
4h,4
recommend,4
durability,4
6a,4
reduce,4
produced,4
perturb,4
6g,4
substantial,4
reduc,4
expres,4
mutant31,4
repli,4
cative,4
polymerases,4
incorporate,4
opposite,4
resolve,4
intermedi,4
ate,4
feasible,4
proceeds,4
mitotic,4
cells32,4
typically,4
30%,4
40%,4
4i,4
much,4
frequently,4
immortalized,4
encode,4
thought,4
rare,4
tumours,4
thyroid,4
kidney6,4
investigated,4
consequences,4
characterization,4
8c,4
4j,4
decreased,4
basal,4
uncoupled,4
4k,4
disruption,4
transcripts,4
unchanged,4
Also,4
enzymatic,4
4l,4
phenotypes,4
constitutively,4
trol,4
distinguish,4
0.034%,4
0.024%,4
aver,4
age,4
0.049%,4
attribute,4
unusually,4
0.13%,4
NTD,4
significant,4
though,4
differ,4
generally,4
860,4
activ,4
6f,4
share,4
conclude,4
Moreover,4
prox,4
imity,4
investigate,4
searched,4
matches,4
consensus,4
closely,4
resemble,4
80%,4
overlapped,4
programmed,4
activity34,4
proximally,4
engage,4
necessary,4
describes,4
fully,4
elucidate,4
govern,4
Developing,4
vivo,4
strategies,4
deliver,4
essential,4
exploring,4
animal,4
Exploring,4
sources,4
natural,4
altered,4
preferences,4
scope,4
Finally,4
although,4
features,4
variants35,4
composition,4
requirement,4
independence,4
offer,4
advantages,4
organelles,4
Online,4
content,4
Any,4
maries,4
acknowledgements,4
tributions,4
competing,4
statements,4
Salter,4
Smith,4
Modeling,4
embrace,4
mutator,4
ligands,4
Biochem,4
606,4
622,4
revolution,4
ized,4
101,4
110,4
Vafai,4
ancient,4
organelle,4
491,4
374,4
383,4
Early,4
rewiring,4
glutathione,4
renal,4
oncocytoma,4
115,4
E6283,4
E6290,4
Stewart,4
Chinnery,4
dynamics,4
health,4
530,4
542,4
MitoTALEN,4
load,4
restores,4
tRNAAla,4
1696,4
1700,4
Williams,4
Pinto,4
Peralta,4
Specific,4
patient,4
mitoTALENs,4
1111,4
Rorbach,4
Vincent,4
Mitochondrially,4
ZFNs,4
degradation,4
bearing,4
scale,4
EMBO,4
458,4
466,4
Nissanka,4
Plastini,4
degrades,4
precluding,4
2491,4
Peeva,4
Linear,4
machinery,4
1727,4
Gaudelli,4
551,4
464,4
Kim,4
Packer,4
Zuris,4
533,4
420,4
424,4
Iyer,4
Rogozin,4
Aravind,4
Evolution,4
origins,4
9473,4
9497,4
Coulthurst,4
versatile,4
weapon,4
165,4
503,4
515,4
Hood,4
Pseudomonas,4
aeruginosa,4
Host,4
Microbe,4
Richardson,4
Narvaiza,4
Planegger,4
Weitzman,4
Moran,4
LINE,4
retrotransposition,4
e02008,4
Krokan,4
Bj,4
ø,4
å,4
Cold,4
Spring,4
Harb,4
Perspect,4
a012583,4
Holmes,4
Gregory,4
636,4
646,4
Joung,4
Sander,4
widely,4
Guilinger,4
Thompson,4
Fusion,4
improves,4
577,4
582,4
Qi,4
Repurposing,4
152,4
1173,4
1183,4
Kleinstiver,4
Broadening,4
modifying,4
recognition,4
1293,4
1298,4
Nishimasu,4
1126,4
Anzalone,4
Search,4
replace,4
149,4
157,4
Nishida,4
hybrid,4
prokaryotic,4
vertebrate,4
adaptive,4
immune,4
353,4
aaf8729,4
Improved,4
inhibition,4
bacteriophage,4
Mu,4
Gam,4
eaao4774,4
29,4
Nilsen,4
glycosylases,4
splicing,4
UNG,4
750,4
755,4
Koblan,4
ancestral,4
reconstruction,4
843,4
846,4
Bao,4
dysfunction,4
remodels,4
carbon,4
e10575,4
Magnusson,4
Orth,4
Lestienne,4
Taanman,4
occurs,4
Exp,4
289,4
133,4
2003,4
Widespread,4
chromosomal,4
losses,4
alterations,4
genetic,4
drivers,4
ü,4
rthle,4
carcinoma,4
Cancer,4
242,4
e5,4
Rinaldi,4
Doyle,4
Stoddard,4
Bogdanove,4
increasing,4
TAL,4
6960,4
6970,4
Yang,4
Engineering,4
optimising,4
13330,4
chemistry,4
transcriptome,4
living,4
770,4
788,4
Badran,4
technologies,4
559,4
Publisher,4
note,4
remains,4
neutral,4
regard,4
jurisdictional,4
claims,4
institutional,4
affiliations,4
©,4
exclusive,4
licence,4
Limited,4
predetermine,4
randomized,4
investigators,4
blinded,4
allocation,4
outcome,4
Unless,4
otherwise,4
Lysogeny,4
Broth,4
solidified,4
media,4
sup,4
plemented,4
carbenicillin,4
chloramphenicol,4
tetracycline,4
mutagenesis,4
cystic,4
fibrosis,4
clinical,4
Genetic,4
procedures,4
transformation,4
reagents,4
fidelity,4
Assem,4
bly,4
Reagent,4
GoTaq,4
gBlocks,4
Integrated,4
Sup,4
plementary,4
remote,4
HMMER36,4
CDD,4
vector,4
pPSV39,4
overlap,4
gBLOCK,4
purification,4
DddAI,4
substitutions,4
ceno,4
cepacia,4
homologous,4
recombination,4
pDONRPEX18Tp,4
pheS,4
counter,4
pDAI,4
curing,4
chlorophenylalanine,4
previously37,4
complete,4
T6SSs38,4
inactivated,4
RS01770,4
RS17395,4
sake,4
brev,4
Gentamycin,4
resistance,4
cassette,4
attachment,4
previously39,4
Multiplex,4
Polymer,4
ase,4
USER,4
cloning,4
syn,4
thesized,4
blocks,4
Genscript,4
report30,4
BE214,4
extra,4
pCMV,4
backbones,4
blunt,4
ligation,4
encod,4
variable,4
treating,4
piece,4
KLD,4
Mach1,4
chemically,4
competent,4
Plasmids,4
trans,4
fection,4
ZymoPURE,4
Midiprep,4
Kits,4
Zymo,4
described40,4
mam,4
malian,4
interactions,4
recipi,4
ent,4
suspensions,4
concentrated,4
600,4
spotted,4
nitrocellulose,4
placed,4
3%,4
scraped,4
surface,4
plating,4
Toxicity,4
heterologously,4
night,4
0.2%,4
Aliquots,4
periodically,4
Crystallization,4
Crystals,4
derivative,4
hexahistidine,4
tris,4
carboxyethyl,4
phosphine,4
PEG,4
3350,4
Rectangular,4
grew,4
Selenomethionine,4
displayed,4
symmetry,4
space,4
P21212,4
126.8,4
145.0,4
64.2,4
asymmetric,4
Before,4
cryoprotected,4
PEG3350,4
Highly,4
redundant,4
SAD,4
0.9790,4
wavelength,4
BL502,4
beamline,4
ALS,4
Lawrence,4
Berkeley,4
Laboratory,4
HKL200041,4
Heavy,4
autosol,4
refine,4
ment,4
55.9,4
61.2,4
Approximately,4
selenomethio,4
nine,4
automatically,4
portion,4
built,4
manually,4
current,4
Refinement,4
carried,4
Bijvoet,4
kept,4
separate,4
refine42,4
interspersed,4
manual,4
revisions,4
Coot43,4
consisted,4
conjugate,4
gradient,4
individual,4
atomic,4
displacement,4
translation,4
libration,4
screw,4
parameters44,4
Residues,4
electron,4
1250,4
1289,4
1423,4
71,4
73,4
Both,4
excel,4
lent,4
geometry,4
MolProbity45,4
Ramachandran,4
99.1%,4
favoured,4
0.9%,4
allowed,4
0%,4
disallowed,4
RCSB,4
Bank,4
ID,4
tures,4
0.04%,4
ena,4
bles,4
suffer,4
arrest,4
decrease,4
inducing,4
block,4
period,4
antibiotics,4
accumulate,4
car,4
rying,4
submitted,4
rounds,4
Randomly,4
chosen,4
conditions46,4
Five,4
starting,4
population,4
sequenc,4
mutagenized,4
bodies,4
Loading,4
BioLegend,4
Millipore,4
developed,4
chemiluminescent,4
SuperSignal,4
West,4
Pico,4
imager,4
preparation,4
RIPA,4
protease,4
Roche,4
Complete,4
incubating,4
agitation,4
pelleting,4
4X,4
LDS,4
boiled,4
wells,4
cast,4
Precision,4
Dual,4
Colour,4
Standard,4
180,4
running,4
fer,4
iBlot,4
Transfer,4
Device,4
protocols,4
IRDye,4
Imaging,4
described47,4
col,4
lected,4
pipetting,4
NKM,4
130,4
KCl,4
centrifu,4
gation,4
400g,4
Pellets,4
7.8,4
Twenty,4
strokes,4
tight,4
fitting,4
pestle,4
Dounce,4
homogenizer,4
homog,4
enize,4
adjusted,4
isotonic,4
ninth,4
10x,4
debris,4
nuclei,4
succeeding,4
centrifugations,4
900g,4
suspended,4
Native,4
solubilization,4
centrifuged,4
supernatants,4
tubes,4
Additive,4
0.25%,4
Running,4
constant,4
Dark,4
replaced,4
Light,4
semi,4
dry,4
Blot,4
Turbo,4
acetic,4
briefly,4
methanol,4
distilled,4
H2O,4
BioProducts,4
tem,4
perature,4
washing,4
Lightning,4
ECL,4
PerkinElmer,4
registered,4
Amersham,4
Hyperfilm,4
performance,4
autoradiography,4
film,4
Films,4
scanned,4
bit,4
greyscale,4
software48,4
bands,4
signals,4
inverted,4
so,4
Net,4
difference,4
net,4
mock,4
broth,4
At,4
shaking,4
resuspension,4
lysozyme,4
sonication,4
pulses,4
nickel,4
affinity,4
resin,4
teins,4
denaturation,4
renaturation,4
denatur,4
While,4
still,4
renatured,4
sequential,4
washes,4
decreasing,4
traces,4
Proteins,4
again,4
fast,4
liquid,4
FPLC,4
filtration,4
Superdex200,4
sizing,4
Coomassie,4
factions,4
fluoro,4
phore,4
Reactions,4
deamina,4
6.4,4
Ficoll,4
Reac,4
0.02,4
Cleavage,4
NaOH,4
fluorescent,4
fluorophore,4
MultiScribe,4
Reverse,4
Transcriptase,4
dATP,4
dCTP,4
dTTP,4
electropho,4
resis,4
gDNA,4
yield,4
Sequenc,4
Nextera,4
Flex,4
Prep,4
TapeStation,4
instrument,4
BWA49,4
MG1655,4
000913.3,4
VarScan250,4
considered,4
valid,4
fre,4
quency,4
90%,4
Mammalian,4
maintained,4
Anti,4
biotics,4
American,4
Type,4
Culture,4
Collection,4
McCoy,4
5A,4
Scien,4
tific,4
Atlanta,4
penicillin,4
GlutaMAX,4
FBS,4
cells31,4
tured,4
uridine,4
suppliers,4
collagen,4
den,4
sity,4
lipofec,4
Lipofection,4
screening,4
pUC19,4
filler,4
Lipo,4
fectamine,4
SE,4
Line,4
DN,4
promoter,4
driving,4
polyadenylated,4
transcript,4
SpeI,4
HF,4
digestion,4
HiScribe,4
ARCA,4
MEGAclear,4
Transcription,4
Clean,4
fibroblast,4
described51,4
nucleo,4
fected,4
P2,4
DS,4
changed,4
nucleofec,4
every,4
course,4
CellTiter,4
Glo,4
bottomed,4
polystyrene,4
M1000,4
microplate,4
reader,4
Tecan,4
integration,4
Dulbecco,4
phosphate,4
buffered,4
saline,4
prepared,4
8.0,4
proteinase,4
bead,4
cleanup,4
AMPure,4
DNAdvance,4
Beckman,4
Coulter,4
A48705,4
spanning,4
AccuPrime,4
Taq,4
Genwiz,4
modifications52,4
Amplification,4
amplify,4
Acid,4
Stain,4
opti,4
mized,4
optimal,4
cycle,4
Barcoding,4
unpuri,4
fied,4
MasterMix,4
61,4
analytically,4
electrophore,4
sis,4
barcode,4
verified,4
KAPA,4
Quantification,4
Kapa,4
210,4
Batch,4
CRISPResso253,4
centred,4
hypothetical,4
Otherwise,4
default,4
Reference,4
NUCLEOTIDE,4
PERCENTAGE,4
SUMMARY,4
frequen,4
cies,4
Reads,4
CRISPRessoBatch,4
Indel,4
computed,4
insertions,4
Determination,4
CFX96,4
C1000,4
machine,4
Single,4
threshold,4
calculating,4
Ratio,4
EmtDNA,4
END6,4
0.858,4
END5,4
0.844,4
EATP8,4
0.995,4
1.05,4
Relative,4
Supplemen,4
tary,4
erence,4
NG,4
003019,4
ACTBP2,4
RT,4
RNeasy,4
digested,4
DNase,4
Isolated,4
SuperScript,4
First,4
Synthesis,4
SuperMix,4
qRT,4
analyser,4
0.01%,4
poly,4
lysine,4
104,4
anal,4
ysis,4
XFe96,4
Analyzer,4
glutamine,4
Mito,4
oligomycin,4
piericidin,4
Microplate,4
Micro,4
clarified,4
concen,4
tration,4
reduction,4
dye,4
simultaneous,4
NAD,4
decreases,4
follow,4
cytochrome,4
capture,4
overlapping,4
amplifi,4
cation,4
PRIMESTAR,4
GXL,4
Takara,4
94,4
Unpurified,4
0.8%,4
ethidium,4
bromide,4
Immunocytochemical,4
ug,4
express,4
3000,4
Deep,4
Red,4
chamber,4
glass,4
slide,4
Ibidi,4
fixed,4
4%,4
paraformaldehyde,4
permeabilized,4
saponin,4
1%,4
BSA,4
immunostained,4
Alexa,4
Fluor,4
objective,4
widefield,4
Nikon,4
Acquired,4
Fiji48,4
Bulk,4
accessible,4
chromatin,4
described54,4
trypsinzed,4
centrifuga,4
Igepal,4
water,4
tagmented,4
Tn5,4
15027865,4
TD,4
15027866,4
NP,4
0.3,4
thermomixer,4
rpm,4
eluate,4
indexed,4
NEBNext,4
2X,4
63,4
fol,4
lowed,4
maximum,4
intensity,4
Typically,4
conducted,4
Invitrogen,4
Sensitivity,4
chip,4
Bioanalyzer,4
2100,4
Output,4
Cartridge,4
kits,4
sequencer,4
Libraries,4
75,4
bcl2fastq,4
000005.10,4
identify,4
ACACTCTTTCCCTACACGACGCTCTTCC,4
GATCTNNNNGTTGTAGCCCGTGCAAGAATAATG,4
TGGAGTTCAGACGTGTGCTCTTCCGATCTTAACACTAATCCTACTTCC,4
ATC,4
ensure,4
ampli,4
fication,4
steps,4
adaptor,4
CTAATTCTCTTTGAGGAGCATGGTTAG,4
TATCACTTCCAGCCACCTATTTCC,4
ACACTCTTTCCCTACACGACGCTCTTCCGATCTNNNNGGAAGCGAGG,4
CTGACCTGTTA,4
TGGAGTTCAGACGTGTGCTCTTC,4
CGATCTCCACGCCTTCTTCAAAGCCAT,4
MTND4P,4
fo,4
rwa,4
rd,4
ACACTCTTTCCCTACACGACGCTCTTCCGATCTNNNNCTATATTTA,4
CAGGAGGAAAACCCGG,4
TGGAGTTCAGACGTGT,4
GCTCTTCCGATCTGACTTCTAGCAAGCCTCACTAATC,4
similarly,4
bac,4
teria,4
v.0,4
7.17,4
20.7,4
4.3,4
bio,4
logical,4
Calculation,4
REDItools,4
guanines,4
covering,4
consider,4
summed,4
covered,4
depicting,4
local,4
previously56,4
taking,4
Effect,4
SIFT57,4
sift,4
bii,4
star,4
sg,4
come,4
GRCh37.74,4
database,4
Amino,4
Information,4
Finn,4
Clements,4
Eddy,4
HMMER,4
server,4
interactive,4
similarity,4
W29,4
W37,4
Fazli,4
Harrison,4
Gambino,4
Givskov,4
Tolker,4
Nielsen,4
unmarked,4
via,4
allelic,4
exchange,4
gateway,4
Appl,4
Environ,4
Microbiol,4
3623,4
3630,4
Spiewak,4
utilizes,4
MicrobiologyOpen,4
e774,4
Choi,4
DeShazer,4
Schweizer,4
mini,4
glmS,4
attTn7,4
mallei,4
23344,4
cellular,4
eaax5717,4
41,4
Otwinowski,4
Minor,4
Processing,4
ray,4
diffraction,4
oscillation,4
mode,4
Enzymol,4
276,4
307,4
326,4
42,4
Adams,4
PHENIX,4
comprehensive,4
Python,4
213,4
221,4
Emsley,4
Cowtan,4
Coot,4
building,4
molecular,4
graphics,4
2126,4
2132,4
2004,4
Painter,4
Merritt,4
Optimal,4
terms,4
groups,4
undergoing,4
TLS,4
motion,4
439,4
Chen,4
MolProbity,4
validation,4
crystallography,4
46,4
Bhagwat,4
biased,4
fork,4
causes,4
thymine,4
113,4
2176,4
2181,4
Kotrys,4
proteomics,4
C6orf203,4
MTRES1,4
factor,4
preventing,4
deficiency,4
7502,4
7517,4
Schindelin,4
open,4
676,4
682,4
Li,4
Durbin,4
Fast,4
short,4
Burrows,4
Wheeler,4
transform,4
Bioinformatics,4
1754,4
1760,4
2009,4
Koboldt,4
VarScan,4
somatic,4
alteration,4
discovery,4
cancer,4
exome,4
568,4
51,4
Continuous,4
evolution,4
PAMs,4
481,4
52,4
applicability,4
15790,4
53,4
Clement,4
rapid,4
224,4
226,4
Lineage,4
tracing,4
humans,4
enabled,4
genomics,4
176,4
1325,4
1339,4
e22,4
Diroma,4
Ciaccia,4
Pesole,4
Picardi,4
Elucidating,4
editome,4
bioinformatics,4
Brief,4
Bioinform,4
436,4
447,4
56,4
Raguram,4
Newby,4
Evaluation,4
620,4
628,4
57,4
Vaser,4
Adusumalli,4
Leng,4
Sikic,4
Ng,4
predictions,4
Acknowledgements,4
thank,4
Wang,4
Zhao,4
Yeh,4
Sousa,4
Hayden,4
Vo,4
advice,4
Harris,4
Eberl,4
cen,4
Merkin,4
Institutes,4
Health,4
grants,4
R01AI080609,4
U01AI142756,4
RM1HG009490,4
R35GM122455,4
R35GM118062,4
P30DK089507,4
Defense,4
Threat,4
Reduction,4
Agency,4
DTRA,4
0014,4
Development,4
Program,4
RDP,4
SINGH15R0,4
Singapore,4
STAR,4
Scholarship,4
NSS,4
Fellowship,4
DEMORAA18F0,4
Centre,4
NCN,4
UMO,4
NZ1,4
00459,4
T32,4
GM095450,4
graduate,4
Howard,4
contributions,4
characterize,4
wrote,4
manuscript,4
Competing,4
filed,4
provisional,4
patent,4
listing,4
inventors,4
founder,4
Prime,4
Beam,4
Therapeutics,4
Pairwise,4
Plants,4
Editas,4
companies,4
5am,4
Ventures,4
Janssen,4
Pharmaceuticals,4
Correspondence,4
requests,4
addressed,4
Peer,4
thanks,4
Rahul,4
Kohli,4
Fyodor,4
anonymous,4
reviewer,4
contribution,4
Reprints,4
permissions,4
http,4
reprints,4
34185,4
Hours,4
34180,4
37kDa,4
25kDa,4
20kDa,4
150kDa,4
dddAI,4
34175,4
36535,4
02,4
ssRNA,4
dsRNA,4
bactericidal,4
carrying,4
experiment,4
epitope,4
luorophore,4
cleaved,4
mix,4
ratios,4
purif,4
transcriptase,4
terminate,4
GGNCGG,4
CCNGCC,4
Number,4
classif,4
ications,4
intoxicated,4
represented,4
203,4
265,4
GT,4
TG,4
across,4
TCATTACACCTGCAGCTC,4
C1,4
ATA,4
AGTATCAATTCTGGAAG,4
AGTAATGTGGACGTCGAG,4
TAT,4
16A,4
TCATAGTTAAGACCTTC,4
R5,4
icient,4
T9,4
Architecture,4
specif,4
Unoptimized,4
TALEs,4
lank,4
drawn,4
persist,4
divisions,4
while,4
maintaining,4
integrity,4
putative,4
Day,4
luorescent,4
tagging,4
recording,4
luminescence,4
amplif,4
captured,4
asterisks,4
comparison,4
Individual,4
Pretreat,4
mL,4
Harvest,4
Induction,4
1.00,4
0.75,4
0.50,4
Stalling,4
impairs,4
Schematic,4
Addition,4
induces,4
stable,4
D1135A,4
HEK293,4
line31,4
0.52,4
0.76,4
0.57,4
0.48,4
0.84,4
0.47,4
0.77,4
0.49,4
Ef,4
fect,4
mtRNA,4
Conf,4
irmation,4
MTND5P3,4
0.36,4
0.42,4
Of,4
begin,4
mismatches,4
need,4
identities,4
mismatched,4
distant,4
Predicted,4
fects,4
Classif,4
ication,4
noncoding,4
Mutations,4
occurring,4
categorized,4
synonymous,4
nonsense,4
conf,4
idence,4
parentheses,4
wishes,4
improve,4
reproducibility,4
publish,4
form,4
consistency,4
transparency,4
policies,4
Authors,4
Referees,4
Editorial,4
Checklist,4
Corresponding,4
Last,4
updated,4
06,4
Statistics,4
confirm,4
items,4
main,4
text,4
Confirmed,4
discrete,4
repeatedly,4
sided,4
common,4
solely,4
covariates,4
assumptions,4
corrections,4
normality,4
adjustment,4
comparisons,4
tendency,4
means,4
basic,4
regression,4
variation,4
deviation,4
uncertainty,4
null,4
hypothesis,4
statistic,4
degrees,4
freedom,4
Give,4
whenever,4
suitable,4
Bayesian,4
choice,4
priors,4
Markov,4
Monte,4
Carlo,4
settings,4
hierarchical,4
designs,4
outcomes,4
Estimates,4
Cohen,4
Pearson,4
how,4
Our,4
statistics,4
biologists,4
articles,4
Software,4
computer,4
Miseq,4
instruments,4
fastq,4
Crispresso2,4
Prism,4
GraphPad,4
dot,4
bar,4
v0.7,4
v2.20,4
v1.9,4
v2.4,4
Exact,4
fixing,4
WebLogo,4
3.6,4
utilizing,4
custom,4
algorithms,4
yet,4
literature,4
reviewers,4
strongly,4
encourage,4
deposition,4
community,4
repository,4
GitHub,4
guidelines,4
submitting,4
provide,4
Accession,4
codes,4
identifiers,4
links,4
publicly,4
datasets,4
raw,4
restrictions,4
Field,4
Please,4
select,4
fit,4
making,4
Behavioural,4
social,4
Ecological,4
evolutionary,4
environmental,4
document,4
documents,4
nr,4
pdf,4
disclose,4
disclosure,4
duplicates,4
screen,4
nucleofections,4
exclusions,4
triplicate,4
duplicate,4
done,4
aliquots,4
weeks,4
months,4
attempts,4
successful,4
Randomization,4
Blinding,4
require,4
material,4
method,4
item,4
applies,4
selecting,4
response,4
Materials,4
Palaeontology,4
Animals,4
organisms,4
participants,4
Clinical,4
ChIP,4
Flow,4
cytometry,4
MRI,4
neuroimaging,4
Validation,4
V4888,4
160,4
663104,4
Millpore,4
AC111P,4
6000,4
labeling,4
monoclonal,4
GAPDH,4
A341,4
ELISA,4
translations,4
Conjugates,4
qualified,4
™,4
WI38,4
3T3,4
testis,4
cow,4
Lab,4
Authentication,4
supplier,4
STR,4
Mycoplasma,4
contamination,4
Commonly,4
ICLAC,4
register,4
commonly,4
